<?xml version="1.0" encoding="UTF-8"?>
<root>
  <item name="com.aurelhubert.ahbottomnavigation.AHBottomNavigationBehavior boolean onNestedDirectionFling(androidx.coordinatorlayout.widget.CoordinatorLayout, V, android.view.View, float, float, int) 5">
    <annotation name="androidx.annotation.IntDef">
      <val name="value" val="{com.aurelhubert.ahbottomnavigation.VerticalScrollingBehavior.ScrollDirection.SCROLL_DIRECTION_UP, com.aurelhubert.ahbottomnavigation.VerticalScrollingBehavior.ScrollDirection.SCROLL_DIRECTION_DOWN}" />
    </annotation>
  </item>
  <item name="com.aurelhubert.ahbottomnavigation.AHBottomNavigationBehavior void onDirectionNestedPreScroll(androidx.coordinatorlayout.widget.CoordinatorLayout, V, android.view.View, int, int, int[], int) 6">
    <annotation name="androidx.annotation.IntDef">
      <val name="value" val="{com.aurelhubert.ahbottomnavigation.VerticalScrollingBehavior.ScrollDirection.SCROLL_DIRECTION_UP, com.aurelhubert.ahbottomnavigation.VerticalScrollingBehavior.ScrollDirection.SCROLL_DIRECTION_DOWN}" />
    </annotation>
  </item>
  <item name="com.aurelhubert.ahbottomnavigation.AHBottomNavigationBehavior void onNestedVerticalOverScroll(androidx.coordinatorlayout.widget.CoordinatorLayout, V, int, int, int) 2">
    <annotation name="androidx.annotation.IntDef">
      <val name="value" val="{com.aurelhubert.ahbottomnavigation.VerticalScrollingBehavior.ScrollDirection.SCROLL_DIRECTION_UP, com.aurelhubert.ahbottomnavigation.VerticalScrollingBehavior.ScrollDirection.SCROLL_DIRECTION_DOWN}" />
    </annotation>
  </item>
  <item name="com.aurelhubert.ahbottomnavigation.VerticalScrollingBehavior boolean onNestedDirectionFling(androidx.coordinatorlayout.widget.CoordinatorLayout, V, android.view.View, float, float, int) 5">
    <annotation name="androidx.annotation.IntDef">
      <val name="value" val="{com.aurelhubert.ahbottomnavigation.VerticalScrollingBehavior.ScrollDirection.SCROLL_DIRECTION_UP, com.aurelhubert.ahbottomnavigation.VerticalScrollingBehavior.ScrollDirection.SCROLL_DIRECTION_DOWN}" />
    </annotation>
  </item>
  <item name="com.aurelhubert.ahbottomnavigation.VerticalScrollingBehavior int getOverScrollDirection()">
    <annotation name="androidx.annotation.IntDef">
      <val name="value" val="{com.aurelhubert.ahbottomnavigation.VerticalScrollingBehavior.ScrollDirection.SCROLL_DIRECTION_UP, com.aurelhubert.ahbottomnavigation.VerticalScrollingBehavior.ScrollDirection.SCROLL_DIRECTION_DOWN}" />
    </annotation>
  </item>
  <item name="com.aurelhubert.ahbottomnavigation.VerticalScrollingBehavior int getScrollDirection()">
    <annotation name="androidx.annotation.IntDef">
      <val name="value" val="{com.aurelhubert.ahbottomnavigation.VerticalScrollingBehavior.ScrollDirection.SCROLL_DIRECTION_UP, com.aurelhubert.ahbottomnavigation.VerticalScrollingBehavior.ScrollDirection.SCROLL_DIRECTION_DOWN}" />
    </annotation>
  </item>
  <item name="com.aurelhubert.ahbottomnavigation.VerticalScrollingBehavior mOverScrollDirection">
    <annotation name="androidx.annotation.IntDef">
      <val name="value" val="{com.aurelhubert.ahbottomnavigation.VerticalScrollingBehavior.ScrollDirection.SCROLL_DIRECTION_UP, com.aurelhubert.ahbottomnavigation.VerticalScrollingBehavior.ScrollDirection.SCROLL_DIRECTION_DOWN}" />
    </annotation>
  </item>
  <item name="com.aurelhubert.ahbottomnavigation.VerticalScrollingBehavior mScrollDirection">
    <annotation name="androidx.annotation.IntDef">
      <val name="value" val="{com.aurelhubert.ahbottomnavigation.VerticalScrollingBehavior.ScrollDirection.SCROLL_DIRECTION_UP, com.aurelhubert.ahbottomnavigation.VerticalScrollingBehavior.ScrollDirection.SCROLL_DIRECTION_DOWN}" />
    </annotation>
  </item>
  <item name="com.aurelhubert.ahbottomnavigation.VerticalScrollingBehavior void onDirectionNestedPreScroll(androidx.coordinatorlayout.widget.CoordinatorLayout, V, android.view.View, int, int, int[], int) 6">
    <annotation name="androidx.annotation.IntDef">
      <val name="value" val="{com.aurelhubert.ahbottomnavigation.VerticalScrollingBehavior.ScrollDirection.SCROLL_DIRECTION_UP, com.aurelhubert.ahbottomnavigation.VerticalScrollingBehavior.ScrollDirection.SCROLL_DIRECTION_DOWN}" />
    </annotation>
  </item>
  <item name="com.aurelhubert.ahbottomnavigation.VerticalScrollingBehavior void onNestedVerticalOverScroll(androidx.coordinatorlayout.widget.CoordinatorLayout, V, int, int, int) 2">
    <annotation name="androidx.annotation.IntDef">
      <val name="value" val="{com.aurelhubert.ahbottomnavigation.VerticalScrollingBehavior.ScrollDirection.SCROLL_DIRECTION_UP, com.aurelhubert.ahbottomnavigation.VerticalScrollingBehavior.ScrollDirection.SCROLL_DIRECTION_DOWN}" />
    </annotation>
  </item>
  <item name="com.aurelhubert.ahbottomnavigation.VerticalScrollingBehavior.ScrollDirection">
    <annotation name="androidx.annotation.IntDef">
      <val name="value" val="{com.aurelhubert.ahbottomnavigation.VerticalScrollingBehavior.ScrollDirection.SCROLL_DIRECTION_UP, com.aurelhubert.ahbottomnavigation.VerticalScrollingBehavior.ScrollDirection.SCROLL_DIRECTION_DOWN}" />
    </annotation>
  </item>
</root>

